<?xml version="1.0" encoding="UTF-8"?>
<routes xmlns:xsi="http://www.w3.org/2001/XMLSchema-instance"
        xsi:noNamespaceSchemaLocation="http://sumo.dlr.de/xsd/routes_file.xsd">

    <!-- Single vehicle type (same as your original) -->
    <vType id="car" accel="0.8" decel="4.5" sigma="0" length="5" minGap="2" maxSpeed="70"/>

    <!-- ROUTES around intersection 1 only -->

    <!-- West -> East (straight across J1) -->
    <!-- edges: 1 (0 -> 1), then 2 (1 -> 2) -->
    <route id="r_WE" edges="1 2"/>

    <!-- East -> West (straight across J1) -->
    <!-- edges: 5 (2 -> 1), then 6 (1 -> 0) -->
    <route id="r_EW" edges="5 6"/>

    <!-- North -> South (straight across J1) -->
    <!-- edges: 7 (4 -> 1), then 9 (1 -> 6) -->
    <route id="r_NS" edges="7 9"/>

    <!-- South -> North (straight across J1) -->
    <!-- edges: 10 (6 -> 1), then 8 (1 -> 4) -->
    <route id="r_SN" edges="10 8"/>

    <!-- West -> North (left turn at J1) -->
    <!-- edges: 1 (0 -> 1), then 8 (1 -> 4) -->
    <route id="r_WN_left" edges="1 8"/>

    <!-- West -> South (right turn at J1) -->
    <!-- edges: 1 (0 -> 1), then 9 (1 -> 6) -->
    <route id="r_WS_right" edges="1 9"/>

    <!-- East -> North (left turn at J1) -->
    <!-- edges: 5 (2 -> 1), then 8 (1 -> 4) -->
    <route id="r_EN_left" edges="5 8"/>

    <!-- East -> South (right turn at J1) -->
    <!-- edges: 5 (2 -> 1), then 9 (1 -> 6) -->
    <route id="r_ES_right" edges="5 9"/>

    <!-- 15 VEHICLES (all passing only through junction 1) -->

    <!-- Straight flows West <-> East -->
    <vehicle id="veh0"  type="car" route="r_WE" depart="0"/>
    <vehicle id="veh1"  type="car" route="r_WE" depart="5"/>
    <vehicle id="veh2"  type="car" route="r_EW" depart="10"/>
    <vehicle id="veh3"  type="car" route="r_EW" depart="15"/>

    <!-- Straight flows North <-> South -->
    <vehicle id="veh4"  type="car" route="r_NS" depart="20"/>
    <vehicle id="veh5"  type="car" route="r_NS" depart="25"/>
    <vehicle id="veh6"  type="car" route="r_SN" depart="30"/>
    <vehicle id="veh7"  type="car" route="r_SN" depart="35"/>

    <!-- Turning movements from West -->
    <vehicle id="veh8"  type="car" route="r_WN_left"  depart="40"/>
    <vehicle id="veh9"  type="car" route="r_WS_right" depart="45"/>

    <!-- Turning movements from East -->
    <vehicle id="veh10" type="car" route="r_EN_left"  depart="50"/>
    <vehicle id="veh11" type="car" route="r_ES_right" depart="55"/>

    <!-- Extra vehicles (can treat as “special” for research, e.g., attackers) -->
    <vehicle id="veh12" type="car" route="r_WE" depart="60" color="1,0,0"/>
    <vehicle id="veh13" type="car" route="r_NS" depart="65" color="1,0,0"/>
    <vehicle id="veh14" type="car" route="r_EW" depart="70" color="0,1,0"/>

</routes>
